point_id,X_LOCAL_CENTER,Y_LOCAL_CENTER,Z_LOCAL_CENTER,E_CENTER,N_CENTER,U_CENTER,X_ECEF_CENTER,Y_ECEF_CENTER,Z_ECEF_CENTER,X_LOCAL_GNSS,Y_LOCAL_GNSS,Z_LOCAL_GNSS,E_GNSS,N_GNSS,U_GNSS,X_ECEF_GNSS,Y_ECEF_GNSS,Z_ECEF_GNSS,X_LOCAL_NR5G,Y_LOCAL_NR5G,Z_LOCAL_NR5G,E_NR5G,N_NR5G,U_NR5G,X_ECEF_NR5G,Y_ECEF_NR5G,Z_ECEF_NR5G,X_LOCAL_UWB1,Y_LOCAL_UWB1,Z_LOCAL_UWB1,E_UWB1,N_UWB1,U_UWB1,X_ECEF_UWB1,Y_ECEF_UWB1,Z_ECEF_UWB1,X_LOCAL_UWB2,Y_LOCAL_UWB2,Z_LOCAL_UWB2,E_UWB2,N_UWB2,U_UWB2,X_ECEF_UWB2,Y_ECEF_UWB2,Z_ECEF_UWB2,X_LOCAL_WIFI,Y_LOCAL_WIFI,Z_LOCAL_WIFI,E_WIFI,N_WIFI,U_WIFI,X_ECEF_WIFI,Y_ECEF_WIFI,Z_ECEF_WIFI,X_LOCAL_BLE,Y_LOCAL_BLE,Z_LOCAL_BLE,E_BLE,N_BLE,U_BLE,X_ECEF_BLE,Y_ECEF_BLE,Z_ECEF_BLE
A13B6,4.104,32.903,3.316,361634.086,5715127.103,86.272,3870714.21,893870.987,4973289.502,4.281,33.032,3.355,361634.005,5715126.899,86.311,3870714.407,893870.955,4973289.404,4.223,32.848,3.351,361633.956,5715127.086,86.307,3870714.276,893870.869,4973289.516,4.317,32.832,3.328,361633.868,5715127.049,86.284,3870714.311,893870.788,4973289.474,4.001,33.059,3.336,361634.256,5715127.026,86.292,3870714.238,893871.17,4973289.472,4.046,32.905,3.312,361634.136,5715127.132,86.268,3870714.173,893871.029,4973289.518,4.019,32.81,3.284,361634.108,5715127.227,86.24,3870714.091,893870.979,4973289.554
A12B5,1.141,29.928,3.31,361635.01,5715131.199,86.266,3870710.878,893871.051,4973292.058,1.318,30.057,3.349,361634.929,5715130.995,86.305,3870711.076,893871.019,4973291.961,1.26,29.873,3.345,361634.88,5715131.182,86.301,3870710.944,893870.933,4973292.073,1.354,29.857,3.322,361634.792,5715131.145,86.278,3870710.98,893870.852,4973292.031,1.038,30.084,3.33,361635.18,5715131.121,86.286,3870710.907,893871.234,4973292.029,1.083,29.93,3.306,361635.06,5715131.228,86.262,3870710.842,893871.093,4973292.074,1.056,29.835,3.278,361635.032,5715131.323,86.234,3870710.76,893871.043,4973292.11
A13B4,-1.866,32.92,3.321,361639.148,5715130.267,86.277,3870710.573,893875.253,4973291.558,-1.689,33.049,3.36,361639.067,5715130.064,86.316,3870710.77,893875.221,4973291.461,-1.747,32.865,3.356,361639.018,5715130.25,86.312,3870710.639,893875.135,4973291.573,-1.653,32.849,3.333,361638.93,5715130.214,86.289,3870710.674,893875.054,4973291.53,-1.969,33.076,3.341,361639.319,5715130.19,86.297,3870710.602,893875.436,4973291.529,-1.924,32.922,3.317,361639.198,5715130.296,86.273,3870710.536,893875.295,4973291.574,-1.951,32.827,3.289,361639.171,5715130.391,86.245,3870710.454,893875.245,4973291.61
A12B3,-4.86,29.889,3.322,361640.069,5715134.427,86.278,3870707.198,893875.302,4973294.159,-4.683,30.018,3.361,361639.988,5715134.223,86.317,3870707.396,893875.27,4973294.062,-4.741,29.834,3.357,361639.939,5715134.41,86.313,3870707.264,893875.184,4973294.174,-4.647,29.818,3.334,361639.851,5715134.374,86.29,3870707.3,893875.103,4973294.132,-4.963,30.045,3.342,361640.239,5715134.35,86.298,3870707.227,893875.485,4973294.13,-4.918,29.891,3.318,361640.119,5715134.456,86.274,3870707.162,893875.344,4973294.175,-4.945,29.796,3.29,361640.091,5715134.551,86.246,3870707.08,893875.294,4973294.212
A13B2,-7.839,32.869,3.319,361644.177,5715133.491,86.275,3870706.895,893879.473,4973293.645,-7.662,32.998,3.358,361644.096,5715133.287,86.314,3870707.093,893879.442,4973293.548,-7.72,32.814,3.354,361644.047,5715133.474,86.31,3870706.961,893879.356,4973293.66,-7.626,32.798,3.331,361643.959,5715133.437,86.287,3870706.997,893879.275,4973293.617,-7.942,33.025,3.339,361644.347,5715133.413,86.295,3870706.924,893879.657,4973293.615,-7.897,32.871,3.315,361644.227,5715133.52,86.271,3870706.859,893879.516,4973293.661,-7.924,32.776,3.287,361644.199,5715133.615,86.243,3870706.777,893879.466,4973293.697
A12B1,-10.831,29.882,3.318,361645.119,5715137.612,86.274,3870703.543,893879.551,4973296.221,-10.654,30.011,3.357,361645.038,5715137.409,86.313,3870703.741,893879.519,4973296.124,-10.712,29.827,3.353,361644.989,5715137.595,86.309,3870703.609,893879.433,4973296.236,-10.618,29.811,3.33,361644.901,5715137.559,86.286,3870703.645,893879.352,4973296.194,-10.934,30.038,3.338,361645.289,5715137.535,86.294,3870703.572,893879.734,4973296.192,-10.889,29.884,3.314,361645.169,5715137.641,86.27,3870703.506,893879.593,4973296.237,-10.916,29.789,3.286,361645.142,5715137.736,86.242,3870703.425,893879.543,4973296.274
A11B2,-7.922,26.872,3.319,361641.054,5715138.611,86.275,3870703.787,893875.408,4973296.774,-7.745,27.001,3.358,361640.973,5715138.408,86.314,3870703.985,893875.376,4973296.677,-7.803,26.817,3.354,361640.924,5715138.594,86.31,3870703.853,893875.29,4973296.789,-7.709,26.801,3.331,361640.836,5715138.558,86.287,3870703.888,893875.209,4973296.746,-8.025,27.028,3.339,361641.224,5715138.534,86.295,3870703.816,893875.591,4973296.744,-7.98,26.874,3.315,361641.104,5715138.64,86.271,3870703.75,893875.45,4973296.79,-8.007,26.779,3.287,361641.077,5715138.735,86.243,3870703.668,893875.4,4973296.826
A10B1,-10.792,23.891,3.317,361641.896,5715142.662,86.273,3870700.512,893875.402,4973299.304,-10.615,24.02,3.356,361641.815,5715142.459,86.312,3870700.709,893875.37,4973299.207,-10.673,23.836,3.352,361641.766,5715142.646,86.308,3870700.578,893875.284,4973299.319,-10.579,23.82,3.329,361641.678,5715142.609,86.285,3870700.613,893875.203,4973299.277,-10.895,24.047,3.337,361642.066,5715142.585,86.293,3870700.541,893875.585,4973299.275,-10.85,23.893,3.313,361641.946,5715142.692,86.269,3870700.475,893875.444,4973299.32,-10.877,23.798,3.285,361641.919,5715142.786,86.241,3870700.393,893875.394,4973299.357
A10B3,-4.86,23.891,3.318,361636.875,5715139.504,86.274,3870704.138,893871.175,4973297.257,-4.683,24.02,3.357,361636.794,5715139.3,86.313,3870704.335,893871.143,4973297.16,-4.741,23.836,3.353,361636.745,5715139.487,86.309,3870704.204,893871.058,4973297.272,-4.647,23.82,3.33,361636.657,5715139.451,86.286,3870704.239,893870.976,4973297.23,-4.963,24.047,3.338,361637.045,5715139.427,86.294,3870704.166,893871.359,4973297.228,-4.918,23.893,3.314,361636.925,5715139.533,86.27,3870704.101,893871.218,4973297.273,-4.945,23.798,3.286,361636.897,5715139.628,86.242,3870704.019,893871.167,4973297.309
A11B4,-1.907,26.909,3.317,361635.982,5715135.377,86.273,3870707.481,893871.147,4973294.677,-1.73,27.038,3.356,361635.901,5715135.174,86.312,3870707.678,893871.115,4973294.579,-1.788,26.854,3.352,361635.852,5715135.36,86.308,3870707.546,893871.029,4973294.691,-1.694,26.838,3.329,361635.764,5715135.324,86.285,3870707.582,893870.948,4973294.649,-2.01,27.065,3.337,361636.153,5715135.3,86.293,3870707.509,893871.331,4973294.647,-1.965,26.911,3.313,361636.033,5715135.406,86.269,3870707.444,893871.189,4973294.692,-1.992,26.816,3.285,361636.005,5715135.501,86.241,3870707.362,893871.139,4973294.729
A10B5,1.136,23.935,3.308,361631.823,5715136.274,86.264,3870707.818,893866.932,4973295.156,1.313,24.064,3.347,361631.742,5715136.071,86.303,3870708.016,893866.9,4973295.059,1.255,23.88,3.343,361631.693,5715136.257,86.299,3870707.884,893866.814,4973295.171,1.349,23.864,3.32,361631.605,5715136.221,86.276,3870707.92,893866.733,4973295.129,1.033,24.091,3.328,361631.993,5715136.197,86.284,3870707.847,893867.115,4973295.127,1.078,23.937,3.304,361631.873,5715136.303,86.26,3870707.782,893866.974,4973295.172,1.051,23.842,3.276,361631.845,5715136.398,86.232,3870707.7,893866.924,4973295.209
A11B6,4.089,26.995,3.311,361630.953,5715132.112,86.267,3870711.185,893866.933,4973292.557,4.266,27.124,3.35,361630.872,5715131.908,86.306,3870711.383,893866.901,4973292.46,4.208,26.94,3.346,361630.823,5715132.095,86.302,3870711.251,893866.815,4973292.572,4.302,26.924,3.323,361630.735,5715132.058,86.279,3870711.286,893866.734,4973292.53,3.986,27.151,3.331,361631.123,5715132.034,86.287,3870711.214,893867.117,4973292.528,4.031,26.997,3.307,361631.003,5715132.141,86.263,3870711.148,893866.975,4973292.573,4.004,26.902,3.279,361630.975,5715132.236,86.235,3870711.066,893866.925,4973292.61
A09B6,3.827,20.947,3.305,361627.954,5715137.37,86.261,3870707.938,893862.959,4973295.77,4.004,21.076,3.344,361627.873,5715137.167,86.3,3870708.135,893862.927,4973295.672,3.946,20.892,3.34,361627.824,5715137.354,86.296,3870708.004,893862.841,4973295.784,4.04,20.876,3.317,361627.736,5715137.317,86.273,3870708.039,893862.76,4973295.742,3.724,21.103,3.325,361628.125,5715137.293,86.281,3870707.966,893863.142,4973295.74,3.769,20.949,3.301,361628.004,5715137.4,86.257,3870707.901,893863.001,4973295.786,3.742,20.854,3.273,361627.977,5715137.494,86.229,3870707.819,893862.951,4973295.822
A08B5,1.109,17.981,3.321,361628.676,5715141.328,86.277,3870704.774,893862.858,4973298.254,1.286,18.11,3.36,361628.595,5715141.125,86.316,3870704.972,893862.826,4973298.157,1.228,17.926,3.356,361628.546,5715141.311,86.312,3870704.84,893862.74,4973298.269,1.322,17.91,3.333,361628.458,5715141.275,86.289,3870704.875,893862.659,4973298.227,1.006,18.137,3.341,361628.846,5715141.251,86.297,3870704.803,893863.041,4973298.225,1.051,17.983,3.317,361628.726,5715141.357,86.273,3870704.737,893862.9,4973298.27,1.024,17.888,3.289,361628.698,5715141.452,86.245,3870704.655,893862.85,4973298.306
A09B4,-1.841,20.912,3.307,361632.733,5715140.418,86.263,3870704.457,893866.974,4973297.746,-1.664,21.041,3.346,361632.652,5715140.215,86.302,3870704.655,893866.942,4973297.649,-1.722,20.857,3.342,361632.603,5715140.401,86.298,3870704.523,893866.856,4973297.761,-1.628,20.841,3.319,361632.515,5715140.365,86.275,3870704.558,893866.775,4973297.719,-1.944,21.068,3.327,361632.904,5715140.341,86.283,3870704.486,893867.157,4973297.717,-1.899,20.914,3.303,361632.783,5715140.447,86.259,3870704.42,893867.016,4973297.762,-1.926,20.819,3.275,361632.756,5715140.542,86.231,3870704.338,893866.966,4973297.799
A08B3,-4.884,17.95,3.312,361633.732,5715144.546,86.268,3870701.09,893867.105,4973300.332,-4.707,18.079,3.351,361633.651,5715144.342,86.307,3870701.288,893867.073,4973300.235,-4.765,17.895,3.347,361633.602,5715144.529,86.303,3870701.156,893866.987,4973300.347,-4.671,17.879,3.324,361633.514,5715144.492,86.28,3870701.191,893866.906,4973300.305,-4.987,18.106,3.332,361633.902,5715144.468,86.288,3870701.119,893867.289,4973300.303,-4.942,17.952,3.308,361633.782,5715144.575,86.264,3870701.053,893867.147,4973300.348,-4.969,17.857,3.28,361633.754,5715144.669,86.236,3870700.971,893867.097,4973300.384
A09B2,-7.842,20.916,3.306,361637.815,5715143.61,86.262,3870700.791,893871.252,4973299.815,-7.665,21.045,3.345,361637.734,5715143.406,86.301,3870700.989,893871.22,4973299.718,-7.723,20.861,3.341,361637.685,5715143.593,86.297,3870700.857,893871.134,4973299.83,-7.629,20.845,3.318,361637.597,5715143.557,86.274,3870700.892,893871.053,4973299.788,-7.945,21.072,3.326,361637.985,5715143.533,86.282,3870700.82,893871.436,4973299.786,-7.9,20.918,3.302,361637.865,5715143.639,86.258,3870700.754,893871.294,4973299.831,-7.927,20.823,3.274,361637.837,5715143.734,86.23,3870700.672,893871.244,4973299.868
A08B1,-10.893,17.915,3.316,361638.8,5715147.775,86.272,3870697.403,893871.363,4973302.428,-10.716,18.044,3.355,361638.719,5715147.571,86.311,3870697.6,893871.331,4973302.331,-10.774,17.86,3.351,361638.67,5715147.758,86.307,3870697.468,893871.245,4973302.443,-10.68,17.844,3.328,361638.582,5715147.721,86.284,3870697.504,893871.164,4973302.4,-10.996,18.071,3.336,361638.97,5715147.697,86.292,3870697.431,893871.547,4973302.398,-10.951,17.917,3.312,361638.85,5715147.804,86.268,3870697.366,893871.405,4973302.444,-10.978,17.822,3.284,361638.822,5715147.899,86.24,3870697.284,893871.355,4973302.48
A06B6,4.083,11.839,3.314,361622.888,5715144.944,86.27,3870703.456,893856.513,4973300.397,4.26,11.968,3.353,361622.807,5715144.74,86.309,3870703.653,893856.481,4973300.3,4.202,11.784,3.349,361622.758,5715144.927,86.305,3870703.521,893856.395,4973300.412,4.296,11.768,3.326,361622.67,5715144.89,86.282,3870703.557,893856.314,4973300.37,3.98,11.995,3.334,361623.058,5715144.866,86.29,3870703.484,893856.697,4973300.368,4.025,11.841,3.31,361622.938,5715144.973,86.266,3870703.419,893856.555,4973300.413,3.998,11.746,3.282,361622.91,5715145.068,86.238,3870703.337,893856.505,4973300.449
A05B5,1.146,8.945,3.301,361623.833,5715148.957,86.257,3870700.177,893856.613,4973302.897,1.323,9.074,3.34,361623.752,5715148.754,86.296,3870700.375,893856.581,4973302.8,1.265,8.89,3.336,361623.703,5715148.94,86.292,3870700.243,893856.496,4973302.912,1.359,8.874,3.313,361623.615,5715148.904,86.269,3870700.278,893856.414,4973302.87,1.043,9.101,3.321,361624.003,5715148.88,86.277,3870700.206,893856.797,4973302.868,1.088,8.947,3.297,361623.883,5715148.986,86.253,3870700.14,893856.655,4973302.913,1.061,8.852,3.269,361623.855,5715149.081,86.225,3870700.058,893856.605,4973302.949
A06B4,-1.916,11.94,3.309,361628.02,5715148.052,86.265,3870699.838,893860.856,4973302.412,-1.739,12.069,3.348,361627.938,5715147.849,86.304,3870700.035,893860.824,4973302.315,-1.797,11.885,3.344,361627.89,5715148.036,86.3,3870699.904,893860.738,4973302.427,-1.703,11.869,3.321,361627.802,5715147.999,86.277,3870699.939,893860.657,4973302.385,-2.019,12.096,3.329,361628.19,5715147.975,86.285,3870699.867,893861.04,4973302.383,-1.974,11.942,3.305,361628.07,5715148.082,86.261,3870699.801,893860.898,4973302.428,-2.001,11.847,3.277,361628.042,5715148.176,86.233,3870699.719,893860.848,4973302.464
A05B3,-4.87,8.975,3.306,361628.941,5715152.135,86.262,3870696.519,893860.921,4973304.962,-4.693,9.104,3.345,361628.86,5715151.932,86.301,3870696.717,893860.889,4973304.865,-4.751,8.92,3.341,361628.811,5715152.118,86.297,3870696.585,893860.803,4973304.977,-4.657,8.904,3.318,361628.723,5715152.082,86.274,3870696.62,893860.722,4973304.935,-4.973,9.131,3.326,361629.112,5715152.058,86.282,3870696.548,893861.105,4973304.933,-4.928,8.977,3.302,361628.991,5715152.164,86.258,3870696.482,893860.963,4973304.978,-4.955,8.882,3.274,361628.964,5715152.259,86.23,3870696.4,893860.913,4973305.015
A06B2,-7.915,11.927,3.309,361633.091,5715151.258,86.265,3870696.165,893865.122,4973304.49,-7.738,12.056,3.348,361633.009,5715151.054,86.304,3870696.363,893865.09,4973304.393,-7.796,11.872,3.344,361632.961,5715151.241,86.3,3870696.231,893865.004,4973304.505,-7.702,11.856,3.321,361632.872,5715151.204,86.277,3870696.266,893864.923,4973304.462,-8.018,12.083,3.329,361633.261,5715151.18,86.285,3870696.194,893865.305,4973304.46,-7.973,11.929,3.305,361633.141,5715151.287,86.261,3870696.128,893865.164,4973304.506,-8.0,11.834,3.277,361633.113,5715151.382,86.233,3870696.046,893865.114,4973304.542
A05B1,-10.875,9.058,3.295,361634.068,5715155.262,86.251,3870692.885,893865.255,4973306.984,-10.698,9.187,3.334,361633.987,5715155.059,86.29,3870693.082,893865.223,4973306.887,-10.756,9.003,3.33,361633.938,5715155.245,86.286,3870692.951,893865.138,4973306.999,-10.662,8.987,3.307,361633.85,5715155.209,86.263,3870692.986,893865.056,4973306.957,-10.978,9.214,3.315,361634.239,5715155.185,86.271,3870692.913,893865.439,4973306.955,-10.933,9.06,3.291,361634.119,5715155.291,86.247,3870692.848,893865.297,4973307.0,-10.96,8.965,3.263,361634.091,5715155.386,86.219,3870692.766,893865.247,4973307.036
A03B1,-10.872,3.01,3.291,361630.846,5715160.38,86.247,3870689.8,893861.093,4973310.107,-10.695,3.139,3.33,361630.764,5715160.176,86.286,3870689.998,893861.061,4973310.009,-10.753,2.955,3.326,361630.716,5715160.363,86.282,3870689.866,893860.975,4973310.121,-10.659,2.939,3.303,361630.628,5715160.327,86.259,3870689.902,893860.894,4973310.079,-10.975,3.166,3.311,361631.016,5715160.303,86.267,3870689.829,893861.276,4973310.077,-10.93,3.012,3.287,361630.896,5715160.409,86.243,3870689.764,893861.135,4973310.122,-10.957,2.917,3.259,361630.868,5715160.504,86.215,3870689.682,893861.085,4973310.159
A04B2,-7.895,5.977,3.307,361629.906,5715156.283,86.263,3870693.142,893861.014,4973307.557,-7.718,6.106,3.346,361629.824,5715156.08,86.302,3870693.34,893860.983,4973307.46,-7.776,5.922,3.342,361629.776,5715156.267,86.298,3870693.208,893860.897,4973307.572,-7.682,5.906,3.319,361629.687,5715156.23,86.275,3870693.244,893860.816,4973307.53,-7.998,6.133,3.327,361630.076,5715156.206,86.283,3870693.171,893861.198,4973307.528,-7.953,5.979,3.303,361629.956,5715156.313,86.259,3870693.105,893861.057,4973307.573,-7.98,5.884,3.275,361629.928,5715156.407,86.231,3870693.024,893861.007,4973307.61
A03B3,-4.875,2.989,3.303,361625.758,5715157.205,86.259,3870693.462,893856.807,4973308.056,-4.698,3.118,3.342,361625.677,5715157.001,86.298,3870693.66,893856.775,4973307.959,-4.756,2.934,3.338,361625.628,5715157.188,86.294,3870693.528,893856.689,4973308.071,-4.662,2.918,3.315,361625.54,5715157.151,86.271,3870693.563,893856.608,4973308.029,-4.978,3.145,3.323,361625.928,5715157.127,86.279,3870693.491,893856.99,4973308.027,-4.933,2.991,3.299,361625.808,5715157.234,86.255,3870693.425,893856.849,4973308.072,-4.96,2.896,3.271,361625.781,5715157.329,86.227,3870693.343,893856.799,4973308.109
A04B4,-1.882,5.995,3.297,361624.825,5715153.066,86.253,3870696.82,893856.741,4973305.464,-1.705,6.124,3.336,361624.744,5715152.863,86.292,3870697.018,893856.709,4973305.367,-1.763,5.94,3.332,361624.695,5715153.05,86.288,3870696.886,893856.623,4973305.479,-1.669,5.924,3.309,361624.607,5715153.013,86.265,3870696.921,893856.542,4973305.437,-1.985,6.151,3.317,361624.996,5715152.989,86.273,3870696.849,893856.925,4973305.435,-1.94,5.997,3.293,361624.876,5715153.096,86.249,3870696.783,893856.783,4973305.48,-1.967,5.902,3.265,361624.848,5715153.19,86.221,3870696.701,893856.733,4973305.517
A03B5,1.149,2.955,3.294,361620.641,5715154.026,86.25,3870697.121,893852.49,4973305.987,1.326,3.084,3.333,361620.56,5715153.822,86.289,3870697.318,893852.458,4973305.89,1.268,2.9,3.329,361620.511,5715154.009,86.285,3870697.186,893852.372,4973306.002,1.362,2.884,3.306,361620.423,5715153.972,86.262,3870697.222,893852.291,4973305.96,1.046,3.111,3.314,361620.811,5715153.949,86.27,3870697.149,893852.674,4973305.958,1.091,2.957,3.29,361620.691,5715154.055,86.246,3870697.084,893852.532,4973306.003,1.064,2.862,3.262,361620.664,5715154.15,86.218,3870697.002,893852.482,4973306.039
A04B6,4.155,5.798,3.296,361619.61,5715150.019,86.252,3870700.408,893852.304,4973303.481,4.332,5.927,3.335,361619.529,5715149.815,86.291,3870700.606,893852.272,4973303.384,4.274,5.743,3.331,361619.48,5715150.002,86.287,3870700.474,893852.186,4973303.496,4.368,5.727,3.308,361619.392,5715149.965,86.264,3870700.51,893852.105,4973303.454,4.052,5.954,3.316,361619.781,5715149.942,86.272,3870700.437,893852.488,4973303.452,4.097,5.8,3.292,361619.661,5715150.048,86.248,3870700.372,893852.346,4973303.497,4.07,5.705,3.264,361619.633,5715150.143,86.22,3870700.29,893852.296,4973303.533
A02B6,4.096,-0.04,3.303,361616.552,5715154.992,86.259,3870697.4,893848.331,4973306.525,4.273,0.089,3.342,361616.471,5715154.788,86.298,3870697.598,893848.3,4973306.428,4.215,-0.095,3.338,361616.422,5715154.975,86.294,3870697.466,893848.214,4973306.54,4.309,-0.111,3.315,361616.334,5715154.938,86.271,3870697.501,893848.133,4973306.498,3.993,0.116,3.323,361616.722,5715154.915,86.279,3870697.429,893848.515,4973306.496,4.038,-0.038,3.299,361616.602,5715155.021,86.255,3870697.363,893848.374,4973306.541,4.011,-0.133,3.271,361616.574,5715155.116,86.227,3870697.281,893848.324,4973306.577
A02B4,-1.859,-0.04,3.311,361621.593,5715158.163,86.267,3870693.766,893852.576,4973308.587,-1.682,0.089,3.35,361621.511,5715157.959,86.306,3870693.963,893852.544,4973308.49,-1.74,-0.095,3.346,361621.462,5715158.146,86.302,3870693.831,893852.458,4973308.602,-1.646,-0.111,3.323,361621.374,5715158.109,86.279,3870693.867,893852.377,4973308.56,-1.962,0.116,3.331,361621.763,5715158.085,86.287,3870693.794,893852.759,4973308.558,-1.917,-0.038,3.307,361621.643,5715158.192,86.263,3870693.729,893852.618,4973308.603,-1.944,-0.133,3.279,361621.615,5715158.287,86.235,3870693.647,893852.568,4973308.64
A02B2,-7.871,-0.026,3.312,361626.689,5715161.352,86.268,3870690.099,893856.869,4973310.656,-7.694,0.103,3.351,361626.608,5715161.148,86.307,3870690.297,893856.837,4973310.559,-7.752,-0.081,3.347,361626.559,5715161.335,86.303,3870690.165,893856.751,4973310.671,-7.658,-0.097,3.324,361626.471,5715161.299,86.28,3870690.2,893856.67,4973310.629,-7.974,0.13,3.332,361626.859,5715161.275,86.288,3870690.128,893857.053,4973310.627,-7.929,-0.024,3.308,361626.739,5715161.381,86.264,3870690.062,893856.911,4973310.672,-7.956,-0.119,3.28,361626.711,5715161.476,86.236,3870689.98,893856.861,4973310.709
A07B5,1.118,14.944,2.204,361627.051,5715143.894,85.16,3870702.554,893860.606,4973298.946,1.295,15.073,2.243,361626.97,5715143.691,85.199,3870702.752,893860.574,4973298.849,1.237,14.889,2.239,361626.921,5715143.877,85.195,3870702.62,893860.488,4973298.961,1.331,14.873,2.216,361626.833,5715143.841,85.172,3870702.656,893860.407,4973298.918,1.015,15.1,2.224,361627.221,5715143.817,85.18,3870702.583,893860.79,4973298.916,1.06,14.946,2.2,361627.101,5715143.923,85.156,3870702.518,893860.648,4973298.962,1.033,14.851,2.172,361627.073,5715144.018,85.128,3870702.436,893860.598,4973298.998
A07B3,-4.892,14.912,2.209,361632.121,5715147.121,85.165,3870698.868,893864.867,4973301.041,-4.715,15.041,2.248,361632.04,5715146.918,85.204,3870699.066,893864.835,4973300.944,-4.773,14.857,2.244,361631.991,5715147.104,85.2,3870698.934,893864.749,4973301.056,-4.679,14.841,2.221,361631.903,5715147.068,85.177,3870698.97,893864.668,4973301.014,-4.995,15.068,2.229,361632.291,5715147.044,85.185,3870698.897,893865.051,4973301.012,-4.95,14.914,2.205,361632.171,5715147.15,85.161,3870698.831,893864.909,4973301.057,-4.977,14.819,2.177,361632.144,5715147.245,85.133,3870698.75,893864.859,4973301.094
A07B1,-10.902,14.812,2.194,361637.155,5715150.406,85.15,3870695.135,893869.078,4973303.156,-10.725,14.941,2.233,361637.074,5715150.203,85.189,3870695.333,893869.046,4973303.059,-10.783,14.757,2.229,361637.025,5715150.389,85.185,3870695.201,893868.961,4973303.171,-10.689,14.741,2.206,361636.937,5715150.353,85.162,3870695.237,893868.879,4973303.129,-11.005,14.968,2.214,361637.325,5715150.329,85.17,3870695.164,893869.262,4973303.127,-10.96,14.814,2.19,361637.205,5715150.435,85.146,3870695.098,893869.121,4973303.172,-10.987,14.719,2.162,361637.178,5715150.53,85.118,3870695.017,893869.07,4973303.209
T01,-20.14,-3.382,2.082,361635.287,5715170.725,85.038,3870680.145,893863.13,4973315.664,-19.963,-3.253,2.121,361635.206,5715170.522,85.077,3870680.343,893863.099,4973315.567,-20.021,-3.437,2.117,361635.157,5715170.708,85.073,3870680.211,893863.013,4973315.679,-19.927,-3.453,2.094,361635.069,5715170.672,85.05,3870680.246,893862.932,4973315.636,-20.243,-3.226,2.102,361635.457,5715170.648,85.058,3870680.174,893863.314,4973315.634,-20.198,-3.38,2.078,361635.337,5715170.754,85.034,3870680.108,893863.173,4973315.68,-20.225,-3.475,2.05,361635.31,5715170.849,85.006,3870680.026,893863.123,4973315.716
T02,-17.467,-3.033,2.096,361633.21,5715169.007,85.052,3870681.965,893861.468,4973314.571,-17.29,-2.904,2.135,361633.129,5715168.803,85.091,3870682.163,893861.436,4973314.474,-17.348,-3.088,2.131,361633.08,5715168.99,85.087,3870682.031,893861.35,4973314.586,-17.254,-3.104,2.108,361632.992,5715168.953,85.064,3870682.066,893861.269,4973314.544,-17.57,-2.877,2.116,361633.381,5715168.929,85.072,3870681.994,893861.651,4973314.542,-17.525,-3.031,2.092,361633.261,5715169.036,85.048,3870681.928,893861.51,4973314.587,-17.552,-3.126,2.064,361633.233,5715169.131,85.02,3870681.846,893861.46,4973314.624
T03,-14.809,-3.049,2.104,361630.952,5715167.605,85.06,3870683.586,893859.564,4973313.668,-14.632,-2.92,2.143,361630.871,5715167.401,85.099,3870683.784,893859.532,4973313.571,-14.69,-3.104,2.139,361630.822,5715167.588,85.095,3870683.652,893859.446,4973313.683,-14.596,-3.12,2.116,361630.734,5715167.552,85.072,3870683.687,893859.365,4973313.641,-14.912,-2.893,2.124,361631.122,5715167.528,85.08,3870683.615,893859.748,4973313.639,-14.867,-3.047,2.1,361631.002,5715167.634,85.056,3870683.549,893859.606,4973313.684,-14.894,-3.142,2.072,361630.974,5715167.729,85.028,3870683.467,893859.556,4973313.721
A01B1,-10.833,-3.07,2.147,361627.575,5715165.506,85.103,3870686.031,893856.723,4973312.34,-10.656,-2.941,2.186,361627.494,5715165.302,85.142,3870686.229,893856.691,4973312.243,-10.714,-3.125,2.182,361627.445,5715165.489,85.138,3870686.097,893856.605,4973312.355,-10.62,-3.141,2.159,361627.357,5715165.452,85.115,3870686.133,893856.524,4973312.313,-10.936,-2.914,2.167,361627.746,5715165.428,85.123,3870686.06,893856.906,4973312.311,-10.891,-3.068,2.143,361627.625,5715165.535,85.099,3870685.995,893856.765,4973312.356,-10.918,-3.163,2.115,361627.598,5715165.63,85.071,3870685.913,893856.715,4973312.393
A01B2,-7.814,-3.057,2.155,361625.027,5715163.887,85.111,3870687.888,893854.582,4973311.297,-7.637,-2.928,2.194,361624.946,5715163.684,85.15,3870688.085,893854.55,4973311.2,-7.695,-3.112,2.19,361624.897,5715163.87,85.146,3870687.954,893854.464,4973311.312,-7.601,-3.128,2.167,361624.809,5715163.834,85.123,3870687.989,893854.383,4973311.27,-7.917,-2.901,2.175,361625.197,5715163.81,85.131,3870687.917,893854.765,4973311.268,-7.872,-3.055,2.151,361625.077,5715163.916,85.107,3870687.851,893854.624,4973311.313,-7.899,-3.15,2.123,361625.049,5715164.011,85.079,3870687.769,893854.574,4973311.35
A01B3,-4.836,-3.078,2.163,361622.495,5715162.319,85.119,3870689.702,893852.447,4973310.286,-4.659,-2.949,2.202,361622.414,5715162.116,85.158,3870689.9,893852.415,4973310.189,-4.717,-3.133,2.198,361622.365,5715162.302,85.154,3870689.768,893852.329,4973310.301,-4.623,-3.149,2.175,361622.277,5715162.266,85.131,3870689.803,893852.248,4973310.259,-4.939,-2.922,2.183,361622.665,5715162.242,85.139,3870689.731,893852.63,4973310.257,-4.894,-3.076,2.159,361622.545,5715162.348,85.115,3870689.665,893852.489,4973310.302,-4.921,-3.171,2.131,361622.517,5715162.443,85.087,3870689.583,893852.439,4973310.339
A01B4,-1.841,-3.097,2.159,361619.95,5715160.741,85.115,3870691.52,893850.299,4973309.259,-1.664,-2.968,2.198,361619.868,5715160.537,85.154,3870691.718,893850.267,4973309.162,-1.722,-3.152,2.194,361619.82,5715160.724,85.15,3870691.586,893850.181,4973309.274,-1.628,-3.168,2.171,361619.731,5715160.687,85.127,3870691.621,893850.1,4973309.232,-1.944,-2.941,2.179,361620.12,5715160.663,85.135,3870691.549,893850.482,4973309.23,-1.899,-3.095,2.155,361620.0,5715160.77,85.111,3870691.483,893850.341,4973309.275,-1.926,-3.19,2.127,361619.972,5715160.865,85.083,3870691.401,893850.291,4973309.311
A01B5,1.175,-3.083,2.148,361617.404,5715159.123,85.104,3870693.364,893848.158,4973308.202,1.352,-2.954,2.187,361617.323,5715158.919,85.143,3870693.561,893848.126,4973308.105,1.294,-3.138,2.183,361617.274,5715159.106,85.139,3870693.43,893848.04,4973308.217,1.388,-3.154,2.16,361617.186,5715159.07,85.116,3870693.465,893847.959,4973308.174,1.072,-2.927,2.168,361617.574,5715159.046,85.124,3870693.393,893848.342,4973308.172,1.117,-3.081,2.144,361617.454,5715159.152,85.1,3870693.327,893848.2,4973308.218,1.09,-3.176,2.116,361617.427,5715159.247,85.072,3870693.245,893848.15,4973308.254
A01B6,4.162,-3.074,2.143,361614.881,5715157.525,85.099,3870695.191,893846.035,4973307.162,4.339,-2.945,2.182,361614.799,5715157.321,85.138,3870695.388,893846.003,4973307.065,4.281,-3.129,2.178,361614.751,5715157.508,85.134,3870695.257,893845.918,4973307.177,4.375,-3.145,2.155,361614.662,5715157.471,85.111,3870695.292,893845.836,4973307.135,4.059,-2.918,2.163,361615.051,5715157.448,85.119,3870695.22,893846.219,4973307.133,4.104,-3.072,2.139,361614.931,5715157.554,85.095,3870695.154,893846.077,4973307.178,4.077,-3.167,2.111,361614.903,5715157.649,85.067,3870695.072,893846.027,4973307.214
T04,6.813,-2.964,2.092,361612.695,5715156.02,85.048,3870696.836,893844.215,4973306.15,6.99,-2.835,2.131,361612.614,5715155.817,85.087,3870697.034,893844.183,4973306.053,6.932,-3.019,2.127,361612.565,5715156.003,85.083,3870696.902,893844.097,4973306.165,7.026,-3.035,2.104,361612.477,5715155.967,85.06,3870696.937,893844.016,4973306.123,6.71,-2.808,2.112,361612.865,5715155.943,85.068,3870696.865,893844.398,4973306.121,6.755,-2.962,2.088,361612.745,5715156.049,85.044,3870696.799,893844.257,4973306.166,6.728,-3.057,2.06,361612.718,5715156.144,85.016,3870696.717,893844.207,4973306.202
T05,9.365,-2.779,2.032,361610.633,5715154.505,84.988,3870698.454,893842.516,4973305.126,9.542,-2.65,2.071,361610.552,5715154.301,85.027,3870698.651,893842.484,4973305.029,9.484,-2.834,2.067,361610.503,5715154.488,85.023,3870698.52,893842.398,4973305.141,9.578,-2.85,2.044,361610.415,5715154.451,85.0,3870698.555,893842.317,4973305.099,9.262,-2.623,2.052,361610.804,5715154.428,85.008,3870698.482,893842.699,4973305.097,9.307,-2.777,2.028,361610.684,5715154.534,84.984,3870698.417,893842.558,4973305.142,9.28,-2.872,2.0,361610.656,5715154.629,84.956,3870698.335,893842.508,4973305.179
T06,12.056,-2.534,2.035,361608.486,5715152.864,84.991,3870700.225,893840.767,4973304.073,12.233,-2.405,2.074,361608.405,5715152.661,85.03,3870700.423,893840.735,4973303.976,12.175,-2.589,2.07,361608.356,5715152.848,85.026,3870700.291,893840.649,4973304.088,12.269,-2.605,2.047,361608.268,5715152.811,85.003,3870700.326,893840.568,4973304.045,11.953,-2.378,2.055,361608.656,5715152.787,85.011,3870700.254,893840.951,4973304.043,11.998,-2.532,2.031,361608.536,5715152.894,84.987,3870700.188,893840.809,4973304.089,11.971,-2.627,2.003,361608.509,5715152.988,84.959,3870700.106,893840.759,4973304.125
